problem_id,total_length
0,435822.672707535
1,495994.6507869557
2,84356.59611736996
3,56028.42266832735
4,336271.6953049784
5,60903.16852646023
6,333128.3019427592
7,293445.6815427379
8,1571429.25175734
9,40889.5742340897
